Rater,<title>-Term1,<title>-Term2,<title>-Term3,<title>-Term4,<title>-Term5,<title>-Term6,<title>-Term7,<title>-Term8,<title>-Term9,<title>-Term10,<title>-Term11,<title>-Term12,<title>-Term13,<title>-Term14,<title>-Term15,<title>-Term16,<title>-Term17,<title>-Term18,<title>-Term19,<title>-Term20,<title>-Term21,<title>-Term22,<title>-Term23,<title>-Term24,<title>-Term25,<title>-Term26,<title>-Term27,<title>-Term28,<title>-Term29,<title>-Term30,<title>-Term31,<title>-Term32,<title>-Term33,<title>-Term34,<title>-Term35,<title>-Term36,<title>-Term37,<title>-Term38,<title>-Term39,<title>-Term40,<title>-Term41,<title>-Term42,<title>-Term43,<title>-Term44,<title>-Term45,<title>-Term46,<title>-Term47,<title>-Term48,<title>-Term49,<title>-Term50,<title>-Term51,<title>-Term52,<title>-Term53,<title>-Term54,<title>-Term55,<title>-Term56,<title>-Term57,<title>-Term58,<title>-Term59,<title>-Term60,<title>-Term61,<title>-Term62,<title>-Term63,<title>-Term64,<title>-Term65,<title>-Term66,<title>-Term67,<title>-Term68,<title>-Term69,<title>-Term70,<title>-Term71,<title>-Term72,<title>-Term73,<title>-Term74,<title>-Term75,<title>-Term76,<title>-Term77,<title>-Term78,<title>-Term79,<title>-Term80,<title>-Term81,<title>-Term82,<title>-Term83,<title>-Term84,<title>-Term85,<title>-Term86,<title>-Term87,<title>-Term88,<title>-Term89,<title>-Term90,<title>-Term91,<title>-Term92,<title>-Term93,<title>-Term94,<title>-Term95,<title>-Term96,<title>-Term97,<title>-Term98,<title>-Term99,<title>-Term100,<title>-Term101,<title>-Term102,<title>-Term103,<title>-Term104,<title>-Term105,<title>-Term106,<title>-Term107,<title>-Term108,<title>-Term109,<title>-Term110,<title>-Term111,<title>-Term112,<title>-Term113,<title>-Term114,<title>-Term115,<title>-Term116,<title>-Term117,<title>-Term118,<title>-Term119,<title>-Term120,<title>-Term121,<title>-Term122,<title>-Term123,<title>-Term124,<title>-Term125,<title>-Term126,<title>-Term127,<title>-Term128,<title>-Term129,<title>-Term130,<title>-Term131,<title>-Term132,<title>-Term133,<title>-Term134,<title>-Term135,<title>-Term136,<title>-Term137,<title>-Term138,<title>-Term139,<title>-Term140,<title>-Term141,<title>-Term142,<title>-Term143,<title>-Term144,<title>-Term145,<title>-Term146,<title>-Term147,<title>-Term148,<title>-Term149,<title>-Term150,<title>-Term151,<title>-Term152,<title>-Term153,<title>-Term154,<title>-Term155,<title>-Term156,<title>-Term157,<title>-Term158,<title>-Term159,<title>-Term160,<title>-Term161,<title>-Term162,<title>-Term163,<title>-Term164,<title>-Term165,<title>-Term166,<title>-Term167,<title>-Term168,<title>-Term169,<title>-Term170,<title>-Term171,<title>-Term172,<title>-Term173,<title>-Term174,<title>-Term175,<title>-Term176,<title>-Term177,<title>-Term178,<title>-Term179,<title>-Term180,<title>-Term181,<title>-Term182,<title>-Term183,<title>-Term184,<title>-Term185,<title>-Term186,<title>-Term187,<title>-Term188,<title>-Term189,<title>-Term190,<title>-Term191,<title>-Term192,<title>-Term193,<title>-Term194,<title>-Term195,<title>-Term196,<title>-Term197,<title>-Term198,<title>-Term199,<title>-Term200,<title>-Term201,<title>-Term202,<title>-Term203,<title>-Term204,<title>-Term205,<title>-Term206,<title>-Term207,<title>-Term208,<title>-Term209,<title>-Term210,<title>-Term211,<title>-Term212,<title>-Term213,<title>-Term214,<title>-Term215,<title>-Term216,<title>-Term217,<title>-Term218,<title>-Term219,<title>-Term220,<title>-Term221,<title>-Term222,<title>-Term223,<title>-Term224,<title>-Term225,<title>-Term226,<title>-Term227,<title>-Term228,<title>-Term229,<title>-Term230,<title>-Term231,<title>-Term232,<title>-Term233,<title>-Term234,<title>-Term235,<title>-Term236,<title>-Term237,<title>-Term238,<title>-Term239,<title>-Term240,<title>-Term241,<title>-Term242,<title>-Term243,<title>-Term244,<title>-Term245,<title>-Term246,<title>-Term247,<title>-Term248,<title>-Term249,<title>-Term250,<title>-Term251,<title>-Term252,<title>-Term253,<title>-Term254,<title>-Term255,<title>-Term256,<title>-Term257,<title>-Term258,<title>-Term259,<title>-Term260,<title>-Term261,<title>-Term262,<title>-Term263,<title>-Term264,<title>-Term265,<title>-Term266,<title>-Term267,<title>-Term268,<title>-Term269,<title>-Term270,<title>-Term271,<title>-Term272,<title>-Term273,<title>-Term274,<title>-Term275,<title>-Term276,<title>-Term277,<title>-Term278,<title>-Term279,<title>-Term280,<title>-Term281,<title>-Term282,<title>-Term283,<title>-Term284,<title>-Term285,<title>-Term286,<title>-Term287,<title>-Term288,<title>-Term289,<title>-Term290,<title>-Term291,<title>-Term292,<title>-Term293,<title>-Term294,<title>-Term295,<title>-Term296,<title>-Term297,<title>-Term298,<title>-Term299,<title>-Term300,<title>-Term301,<title>-Term302,<title>-Term303,<title>-Term304,<title>-Term305,<title>-Term306,<title>-Term307,<title>-Term308,<title>-Term309,<title>-Term310,<title>-Term311,<title>-Term312,<title>-Term313,<title>-Term314,<title>-Term315,<title>-Term316,<title>-Term317,<title>-Term318,<title>-Term319,<title>-Term320,<title>-Term321,<title>-Term322,<title>-Term323,<title>-Term324,<title>-Term325,<title>-Term326,<title>-Term327,<title>-Term328,<title>-Term329,<title>-Term330,<title>-Term331,<title>-Term332,<title>-Term333,<title>-Term334,<title>-Term335,<title>-Term336,<title>-Term337,<title>-Term338,<title>-Term339,<title>-Term340,<title>-Term341,<title>-Term342,<title>-Term343,<title>-Term344,<title>-Term345,<title>-Term346,<title>-Term347,<title>-Term348,<title>-Term349,<title>-Term350,<title>-Term351,<title>-Term352,<title>-Term353,<title>-Term354,<title>-Term355,<title>-Term356,<title>-Term357,<title>-Term358,<title>-Term359,<title>-Term360,<title>-Term361,<title>-Term362,<title>-Term363,<title>-Term364,<title>-Term365,<title>-Term366,<title>-Term367,<title>-Term368,<title>-Term369,<title>-Term370,<title>-Term371,<title>-Term372,<title>-Term373,<title>-Term374,<title>-Term375,<title>-Term376,<title>-Term377,<title>-Term378,<title>-Term379,<title>-Term380,<title>-Term381,<title>-Term382,<title>-Term383,<title>-Term384,<title>-Term385,<title>-Term386,<title>-Term387,<title>-Term388,<title>-Term389,<title>-Term390,<title>-Term391,<title>-Term392,<title>-Term393,<title>-Term394,<title>-Term395,<title>-Term396,<title>-Term397,<title>-Term398,<title>-Term399,<title>-Term400,<title>-Term401,<title>-Term402,<title>-Term403,<title>-Term404,<title>-Term405,<title>-Term406,<title>-Term407,<title>-Term408,<title>-Term409,<title>-Term410,<title>-Term411,<title>-Term412,<title>-Term413,<title>-Term414,<title>-Term415,<title>-Term416,<title>-Term417,<title>-Term418,<title>-Term419,<title>-Term420,<title>-Term421,<title>-Term422,<title>-Term423,<title>-Term424,<title>-Term425,<title>-Term426,<title>-Term427,<title>-Term428,<title>-Term429,<title>-Term430,<title>-Term431,<title>-Term432,<title>-Term433,<title>-Term434,<title>-Term435,<title>-Term436,<title>-Term437,<title>-Term438,<title>-Term439,<title>-Term440,<title>-Term441,<title>-Term442,<title>-Term443,<title>-Term444,<title>-Term445,<title>-Term446,<title>-Term447,<title>-Term448,<title>-Term449,<title>-Term450,<title>-Term451,<title>-Term452,<title>-Term453,<title>-Term454,<title>-Term455,<title>-Term456,<title>-Term457,<title>-Term458,<title>-Term459,<title>-Term460,<title>-Term461,<title>-Term462,<title>-Term463,<title>-Term464,<title>-Term465,<title>-Term466,<title>-Term467,<title>-Term468,<title>-Term469,<title>-Term470,<title>-Term471,<title>-Term472,<title>-Term473,<title>-Term474,<title>-Term475,<title>-Term476,<title>-Term477,<title>-Term478,<title>-Term479,<title>-Term480,<title>-Term481,<title>-Term482,<title>-Term483,<title>-Term484,<title>-Term485,<title>-Term486,<title>-Term487,<title>-Term488,<title>-Term489,<title>-Term490,<title>-Term491,<title>-Term492,<title>-Term493,<title>-Term494,<title>-Term495,<title>-Term496,<title>-Term497,<title>-Term498,<title>-Term499,<title>-Term500,<title>-Term501,<title>-Term502,<title>-Term503,<title>-Term504,<title>-Term505,<title>-Term506,<title>-Term507,<title>-Term508,<title>-Term509,<title>-Term510,<title>-Term511,<title>-Term512,<title>-Term513,<title>-Term514,<title>-Term515,<title>-Term516,<title>-Term517,<title>-Term518,<title>-Term519,<title>-Term520,<title>-Term521,<title>-Term522,<title>-Term523,<title>-Term524,<title>-Term525,<title>-Term526,<title>-Term527,<title>-Term528,<title>-Term529,<title>-Term530,<title>-Term531,<title>-Term532,<title>-Term533,<title>-Term534,<title>-Term535,<title>-Term536,<title>-Term537,<title>-Term538,<title>-Term539,<title>-Term540,<title>-Term541,<title>-Term542,<title>-Term543,<title>-Term544,<title>-Term545,<title>-Term546,<title>-Term547,<title>-Term548,<title>-Term549,<title>-Term550,<title>-Term551,<title>-Term552,<title>-Term553,<title>-Term554,<title>-Term555,<title>-Term556,<title>-Term557,<title>-Term558,<title>-Term559,<title>-Term560,<title>-Term561,<title>-Term562,<title>-Term563,<title>-Term564,<title>-Term565,<title>-Term566,<title>-Term567,<title>-Term568,<title>-Term569,<title>-Term570,<title>-Term571,<title>-Term572,<title>-Term573,<title>-Term574,<title>-Term575,<title>-Term576,<title>-Term577,<title>-Term578,<title>-Term579,<title>-Term580,<title>-Term581,<title>-Term582,<title>-Term583,<title>-Term584,<title>-Term585,<title>-Term586,<title>-Term587,<title>-Term588,<title>-Term589,<title>-Term590,<title>-Term591,<title>-Term592
,geochemicalPara-geochemical parameters,geochemicalPara-geochemical,geochemicalPara-microbial diversity,geochemicalPara-groundwater,tiliaCordata-repository,tiliaCordata-German Tree of the Year 2016,tiliaCordata-Tilia cordata,yearChange-DOC,yearChange-DIC,yearChange-year,dataNeo-Neogloboquadrina pachyderma,dataNeo-Globigerina bulloides,biologicalSignals-biological signals,rootLength-root length,rootLength-root,temporalDynamics-temporal dynamics of fungal communities,temporalDynamics-fungal communities,temporalDynamics-upper aquifer,temporalDynamics-lower aquifer,soilMoisture-soil moisture patterns,soilMoisture-soil moisture,soilMoisture-shed precipitation patterns,soilMoisture-shed precipitation,soilMoisture-precipitation,bacteriumXY-Bacterium XY,bacteriumXY-metabolizing compound-class XYZ,bacteriumXY-metabolizing,soilDepth-carbon,soilDepth-soil depth,kindOfPlant-plants,kindOfPlant-Arthrocladiella mougeotii (Lév.) Vassilkov,surfaceWater-samples,surfaceWater-surface water,marinePhages-marine phages,marinePhages-effective tracers,marinePhages-particle transport,marinePhages-particle,marinePhages-soil,marinePhages-subsurface,phageTransport-the relevance of phage transport,phageTransport-phage transport,phageTransport-ecosystem fractioning,phageTransport-ecosystem,phageTransport-soil,soilSamples-soil samples,soilSamples-Germany,soilSamples-measurements of pH and water content,soilSamples-pH,soilSamples-water content,soilSamples-water,arcticSediments-organic carbon content,arcticSediments-organic,arcticSediments-arctic sediments,arcticSediments-arctic,molecularFormular-substances,molecularFormular-specific molecular formula,molecularFormular-molecular,transportPatterns-seasonal transport patterns of microbes,transportPatterns-microbes,horizontalTran-horizontal transport of microbial communities,horizontalTran-microbial communities,horizontalTran-microbial,autotrophicMicro-autotrophic microorganisms,autotrophicMicro-autotrophic,autotrophicMicro-carbon cycling,autotrophicMicro-groundwater aquifer,autotrophicMicro-aquifer,conduceInfluences-conduce influences,conduceInfluences-soil,conduceInfluences-aquifer,oxygen-oxygen concentration,oxygen-oxygen,oxygen-sea water,oxygen-mesopelagic zone,oxygen-global ocean,oxygen-200-1000m (depth),karstStructure-karst structure of the aquifer,karstStructure-karst structure,karstStructure-aquifer,karstStructure-tectonics,karstStructure-climate,distributionStroks-distribution of stroks,distributionStroks-stroks,distributionStroks-Europe,coralBleaching-ocean acidification,coralBleaching-coral bleaching,surfaceSignals-surface signals,plantagoLanc-Plantago lanceolata,somSoils-autotrophic organisms,somSoils-autotrophic,somSoils-SOM,somSoils-soils,palustrisMaritima-Triglochin palustris,palustrisMaritima-Triglochin maritima,butterflyOak-butterflies,butterflyOak-oaks,waterCycle-N cycle,waterCycle-water,waterCycle-Throughfall,waterCycle-Stemflow,waterCycle-Groundwater,waterCycle-natural deciduous forest,waterCycle-deciduous,waspsOvipositor-ovipositor of wood wasps,waspsOvipositor-wood wasps,waspsOvipositor-photographs,waspsOvipositor-detailed drawings,mesopelagicFish-mesopelagic fish,mesopelagicFish-mesopelagic,mesopelagicFish-genus Cyclothone,bioPolymers-immediate response of microbiome,bioPolymers-microbiome,bioPolymers-supplemented biopolymers,nutrientData-nutrients,nutrientData-soil,mineralComp-Mineral-composition,mineralComp-mobile colloids,mineralComp-groundwater,mineralComp-mineralogy of the parlochs,mineralComp-parlochs,biodiversityCha-biodiversity,biodiversityCha-time,vegetationAmount-city districts,vegetationAmount-amount of vegetation,vegetationAmount-vegetation,vegetationAmount-biodiversity,aphidoidea-Aphidoidea,dataFB-foraminifera,aquiferSurfaces-microbes,aquiferSurfaces-aquifer surfaces,geology-geology,geology-soil geochemistry,geology-soil,geology-bacterial and archaeal nitrogen-cycling communities,geology-bacterial,geology-archaeal,geology-nitrogen-cycling,plantResidalCom-aquifer microbiomes,plantResidalCom-aquifer,plantResidalCom-plant residal compounds,plantResidalCom-plant residal,plantResidalCom-plant,paternalKin-species X,paternalKin-paternal kin,neonicotinoidPol-neonicotinoids,neonicotinoidPol-pollinators,co2Groundwater-CO2 fixation,co2Groundwater-CO2,co2Groundwater-groundwater,uptakeRates-benthic oxygen uptake rate,uptakeRates-benthic,uptakeRates-oxygen uptake rate,uptakeRates-oxygen,uptakeRates-Atlantic,workingArea-catchment area,workingArea-source area,workingArea-infiltration area,workingArea-rain water,workingArea-working area,fungalCommunity-surface fungal communities,fungalCommunity-surface,fungalCommunity-subsurface fungal communitie,fungalCommunity-subsurface,InfluenceMicro-microorganism,InfluenceMicro-CO2 isotopes,InfluenceMicro-CO2,vascularPlants-forest-specific diversity of vascular plants,vascularPlants-forest-specific,vascularPlants-vascular plants,vascularPlants-vascular,pollinators-abundance of pollinators,pollinators-bees,seasonalDi-seasonal differences of nitrogen dry and wet deposition,seasonalDi-seasonal differences,seasonalDi-nitrogen dry deposition,seasonalDi-nitrogen wet deposition,seasonalDi-nitrogen,seasonalDi-template forest,socialSystem-social system,socialSystem-species X,invasiveGrasses-invasive grasses,invasiveGrasses-invasive,invasiveGrasses-Poaceae,domComposition-parameters,domComposition-DOM composition,millipedes-population abundance of millipeds,millipedes-population,millipedes-millipedes,orgInorg-water,orgInorg-dissolved organic and inorganic,orgInorg-year,calcareousGrass-butterfly species,calcareousGrass-calcareous grassland,calcareousGrass-calcareous,structure-vegetation structural diversity,structure-vegetation,structure-subsurface structural properties,structure-subsurface,secondaryMinerals-secondary minerals,secondaryMinerals-pores,secondaryMinerals-fractures,secondaryMinerals-groundwater chemistry,secondaryMinerals-chemistry,specififcInputs-molecules,specififcInputs-surface,specififcInputs-nitrogen,specififcInputs-physico-chemical compositions of the groundwater,specififcInputs-groundwater,downstreamCom-connections,downstreamCom-soil born mobile (organic) matters,downstreamCom-soil born,downstreamCom-soil,downstreamCom-downstream compartments (aquifer),microbialGuilds-patterns,microbialGuilds-trace gas release,microbialGuilds-trace gas,microbialGuilds-activity of microbial guilds,microbialGuilds-microbial guilds,distributionHolo-distribution of Holothuroidea,distributionHolo-Holothuroidea,distributionHolo-Atlantic Ocean,grassCut-grass cut events,grassCut-grass cut,grassCut-grass,grassCut-soils,grassCut-water,subsurfaceSoils-chemolithoautotrophy,subsurfaceSoils-heterotrophy,subsurfaceSoils-subsurface soils,subsurfaceSoils-subsurface,globalOccurrence-Triglochin palustris (Sumpf-Dreizack),globalOccurrence-Triglochin maritima (Strand Dreizack),globalOccurrence-Brandenburg,globalOccurrence-Germany,globalOccurrence-middle Europe,globalOccurrence-Europe,globalOccurrence-tropical areas,globalOccurrence-South America,c_n_isotopes-patterns in C-/N-isotopes of CH4; N2O; CO2 (GHG's),c_n_isotopes-C-/N-isotopes of CH4; N2O; CO2 (GHG's),c_n_isotopes-C-/N-isotopes,c_n_isotopes-CH4,c_n_isotopes-N2O,c_n_isotopes-CO2,c_n_isotopes-GHG,vlpData-influence of rainfall events,vlpData-rainfall events,vlpData-VLP-data,birdDistribution-bird distribution,birdDistribution-Germany,meanValue-mean value,meanValue-hydrochemical parameters,meanValue-site,crossKingdom-aquifer co-occurence patterns of microorganism,crossKingdom-aquifer co-occurence patterns,crossKingdom-aquifer,crossKingdom-microorganism,crossKingdom-cross kingdom level,crossKingdom-soil,paridae-species of the family Paridae,paridae-Paridae,paridae-Europe,coffeaArabica-Coffea arabica,coffeaArabica-subtropical areas,coffeaArabica-Europe,waterFlow-landsurface heterogenity,waterFlow-landsurface,waterFlow-patterns of water flow/ flux,waterFlow-water flow,waterFlow-water flux,waterFlow-water,verticalCanopy-vertical canopy measurements,verticalCanopy-canopy,verticalCanopy-beeches,verticalCanopy-spruces,datasetSunflowers-sunflowers,heracleumMant-Heracleum mantegazzianum,heracleumMant-neophyt,preferentialFlow-trees,preferentialFlow-preferential flow,kammerFrost-weather,kammerFrost-last 4 weeks,kammerFrost-Kammerforst,kammerFrost-amount of rain,kammerFrost-rain,kammerFrost-amount of precipitation,kammerFrost-precipitation,coldSeeps-sulfate reduction rates,coldSeeps-sulfate reduction,coldSeeps-sulfate,coldSeeps-cold seep,surfaceProperties-surface properties,surfaceProperties-processes,frogData-frog,primulaVeris-Primula veris,primulaVeris-Germany,nitrateLeaching-template forests,nitrateLeaching-sources of nitrate leaching,nitrateLeaching-nitrate leaching,nitrateLeaching-groundwater,rareSpecies-rare species,rareSpecies-activities,rareSpecies-groundwater,iucnStatus-frog,iucnStatus-IUCN red list status,iucnStatus-IUCN red list,landManagement-historic land-management,landManagement-historic,landManagement-current vegetation structural signatures,landManagement-current,landManagement-vegetation,landManagement-structural signatures,bee-bees,heracleumMant-Heracleum mantegazzianum,heracleumMant-Berlin,heracleumMant-Berlin,heracleumMant-Brandenburg,heracleumMant-Germany,heracleumMant-Europe,forestFloor-role of throughfall,forestFloor-throughfall,forestFloor-water input,forestFloor-forest floor,spatialRedistrib-spatial re-distribution of precipitation,spatialRedistrib-precipitation,spatialRedistrib-tree coupies,spatialRedistrib-vertical transport of organic,spatialRedistrib-soil,stylopsMelittae-Germany,stylopsMelittae-specimen of Stylops melittae,stylopsMelittae-Stylops melittae,gasAnalyticalTec-suitable methods,gasAnalyticalTec-microbial soil processes,gasAnalyticalTec-microbial,gasAnalyticalTec-soil,gasAnalyticalTec-gas analytical techniques,gasAnalyticalTec-gas,plantTraits-plant traits,plantTraits-plant,plantTraits-precipitation,plantTraits-grazing,plantPathogens-diversity of hosts,plantPathogens-hosts,plantPathogens-diversity of plant pathogens,plantPathogens-plant pathogens,plantPathogens-plant,environmentalFac-environmental factors,environmentalFac-soil moisture patterns,environmentalFac-soil moisture,environmentalFac-soil,heterotropicMicro-heterotropic microbial activity,heterotropicMicro-heterotropic,heterotropicMicro-microbial,heterotropicMicro-aquifer,metaboliteProcess-organism,metaboliteProcess-metabolite,metaboliteProcess-origin of this structure,metaboliteProcess-structure,aricideaAntarctica-Aricidea antarctica (Paranonidae),speciesHungary-species,speciesHungary-Bäumler; J.A.,speciesHungary-Hungary,dnaData-DNA,dnaData-Amphimonhystrella sp. (Nematoda),landAband-land abandonment,polychaete-specimen,polychaete-deep-sea polychaete,polychaete-deep-sea,westAfrica-vegetation data,westAfrica-West Africa,vegetationCan-patterns,vegetationCan-vegetation canopies,vegetationCan-vegetation,vegetationCan-soil depth,vegetationCan-soil,omCycle-insect mass infestation,omCycle-fire,omCycle-OM cycle,omCycle-OM cycle distribution,omCycle-soil system,omCycle-land use types,agriculture-agriculture,agriculture-groundwater composition,agriculture-groundwater,co2Fixation-pathway,co2Fixation-CO2 fixation,co2Fixation-CO2,co2Fixation-anoxic aquifers,climateChange-prevalence of diseases,climateChange-diseases,climateChange-climate change,forestCover-forest cover change,forestCover-forest cover,forestCover-Africa,parameters-physico-chemical parameters,Goldenrod-Goldenrod,Goldenrod-Europe,phageTracers-marine phages,phageTracers-tracer,phageTracers-colloid,phageTracers-water transport,phageTracers-water,phageTracers-subsurface ecosystems,phageTracers-subsurface,dataDnaRna-molecules,dataDnaRna-DNA,dataDnaRna-RNA data,climaticPara-climatic parameters,climaticPara-climatic,climaticPara-groundwater discharge,climaticPara-seepage water amount,climaticPara-seepage water,acquifersHydrogeo-aquifers,acquifersHydrogeo-hydrogeochemical properties,acquifersHydrogeo-hydrogeochemical,hainichGround-sulfate reducing bacteria,hainichGround-sulfate reducing,hainichGround-sulfate,hainichGround-Hainich groundwater,hainichGround-Hainich,scientificResults-results,scientificResults-scientific research,scientificResults-policy,scientificResults-practice,autotrophicOrg-autotrophic organisms,autotrophicOrg-autotrophic,autotrophicOrg-isotopes of carbon,autotrophicOrg-carbon,autotrophicOrg-fractimation,habitatData-habitat data,habitatData-specific taxa,srbCommunity-parameters,srbCommunity-SRB community,srbCommunity-sulfate reduction rate,srbCommunity-sulfate reduction,srbCommunity-sulfate,biotopeRegion-taxa,biotopeRegion-specific location,biotopeRegion-biotope,biotopeRegion-region,biotopeRegion-country checklists,insectTaxa-taxa,insectTaxa-insect,insectTaxa-host plant,seepageWater-water chemistry of the seepage water,seepageWater-water chemistry,seepageWater-water,seepageWater-seepage water,seepageWater-chemistry of the groundwater,seepageWater-chemistry,seepageWater-groundwater,molecularMarkers-molecular markers,molecularMarkers-processes of nitrogen transformation,molecularMarkers-nitrogen transformation,molecularMarkers-pristine aquifer,depwaterHorizon-Deepwater Horizon oil spill,depwaterHorizon-Deepwater Horizon,depwaterHorizon-Gulf of Mexico fauna,depwaterHorizon-Gulf of Mexico,zeaMays-geographic elevation,zeaMays-growth rate of Zea mays,zeaMays-plant development of Zea mays,zeaMays-Zea mays,sphaerothecaAp-Sphaerotheca aphanis,sphaerothecaAp-Macedonia,microActivity-microbial activities,microActivity-microbial,microActivity-groundwater,diversityCityAgri-diversity of species traits,diversityCityAgri-species traits,diversityCityAgri-cities,diversityCityAgri-agricultural areas,ecosystemServ-biodiversity,ecosystemServ-ecosystem service delivery,ecosystemServ-ecosystem service,substancesX-substances X,substancesX-mammals,treeSpeciesDiv-global map,treeSpeciesDiv-tree species diversity,treeSpeciesDiv-tree species,filtrationVolume-effect of filtration volume,filtrationVolume-filtration volume,filtrationVolume-filtration,filtrationVolume-yield on DNA/RNA,filtrationVolume-DNA,filtrationVolume-RNA,filtrationVolume-different types,factor-crop yield increase,factor-crop yield,factor-cacoa,holothuriansM-holothurians,holothuriansM-4000m (depth),sedimentSamples-species,sedimentSamples-water,sedimentSamples-sediment samples,sedimentSamples-sediment,paridaeLandUse-species richness of Paridae,paridaeLandUse-Paridae,paridaeLandUse-land-use type,molecularComp-organic matter context,molecularComp-organic matter,molecularComp-molecular composition of the groundwater,molecularComp-groundwater,foodWebs-food webs,foodWebs-north sea,archaeaSpecies-archaea species,archaeaSpecies-upper soil,archaeaSpecies-groundwater,monoCulture-feed of grasshopper,monoCulture-grasshopper,monoCulture-natural habitat,monoCulture-mono-culture,monoCulture-gut microbiome,higherBiodiversity-cities,higherBiodiversity-biodiversity,higherBiodiversity-agricultural areas,varietiesLatvia-varieties of Erysiphe aquilegiae,varietiesLatvia-Erysiphe aquilegiae,varietiesLatvia-Latvia,treeInsect-trees,treeInsect-insects,treeInsect-location,leafAreaIndex-leaf area index,leafAreaIndex-diversity,microbialCom-vertical transport of microbial communities,microbialCom-microbial communities,microbialCom-microbial,microbs-microbes,microbs-aquifer surfaces,microbs-aquifer,wellHYZ-types of bacteria,wellHYZ-H.Y.Z.,copepodEggs-eggs per day,copepodEggs-eggs,copepodEggs-copepods,megafauna-megafauna,megafauna-echinoderms,megafauna-abundance,megafauna-trawls,megafauna-images,insectAbundances-abundances of insects,insectAbundances-insects,insectAbundances-canopies,insectAbundances-beeches,insectAbundances-spruces,waterParameters-water patterns,waterParameters-VLP counts,zone-critical zone,protectionZones-groundwater protection zones,protectionZones-groundwater,tracerFactor-tracer,aquiferRocks-aquifer rocks,aquiferRocks-aquifer,bioPores-earthworm burrows(biopores),bioPores-earthworm,bioPores-infiltration processes,bioPores-transport processes,bioPores-rainfall events,oxicAquifer-microbial key-players,oxicAquifer-microbial,oxicAquifer-oxic acquifer,oxicAquifer-oxic,driverTransport-driver,driverTransport-deposition,driverTransport-transport of marine phages,driverTransport-marine phage,driverTransport-transport of terrestrial phages,driverTransport-terrestrial phages,driverTransport-subsurface,globalFrog-global frog distribution,globalFrog-global,globalFrog-frog,plantDiversity-plant diversity,plantDiversity-plant,plantDiversity-species richness,plantDiversity-functional group composition,plantDiversity-functional group,plantDiversity-root decomposition,plantDiversity-root,plantDiversity-grassland,groundwaterSig-surface signals,groundwaterSig-surface,groundwaterSig-groundwater,thalassemaThala-populations of Thalassema thalassemum,thalassemaThala-Thalassema thalassemum,thalassemaThala-reproductive period,thalassemaThala-year,treePopulation-lidar data,treePopulation-air,treePopulation-soils,treePopulation-tree population,climateChangeE-climate change
Rater 19,2,2,3,2,9,1,1,4,4,10,1,1,2,3,8,7,1,2,2,2,2,2,2,2,1,7,7,4,2,2,1,4,2,1,4,7,4,2,2,14,7,2,2,2,4,9,5,2,2,2,2,2,2,9,4,5,15,7,1,7,1,1,1,3,7,2,2,2,2,2,2,4,2,2,9,2,2,2,2,7,2,3,1,9,7,7,2,1,1,3,4,2,1,1,1,2,7,2,7,7,2,1,3,8,1,6,6,1,3,1,7,1,4,4,2,4,4,2,15,9,3,10,9,2,2,3,1,1,1,2,2,2,2,1,1,1,7,1,2,2,2,2,1,1,4,1,7,4,2,2,2,2,4,9,2,2,2,4,9,1,2,1,2,1,4,4,3,2,1,8,3,1,15,15,7,7,4,2,2,1,1,3,1,14,2,3,1,1,4,4,10,1,2,2,2,2,2,2,4,2,2,2,2,4,2,4,2,2,2,4,15,2,2,15,7,4,3,1,3,1,9,13,13,1,2,4,7,7,2,2,1,1,9,9,9,9,9,9,15,4,4,4,4,4,4,14,11,6,3,9,14,15,9,3,3,2,1,15,2,1,1,9,1,2,9,2,2,14,7,7,4,14,8,1,1,1,1,1,1,7,2,10,9,2,11,2,11,3,7,4,2,2,7,1,1,9,1,15,7,2,1,7,2,1,3,15,13,10,3,10,1,3,1,1,9,9,9,9,9,14,7,7,2,14,11,15,7,2,9,1,1,5,7,1,2,5,4,3,1,11,13,3,1,3,1,1,14,14,14,2,7,3,1,2,1,4,8,8,1,1,12,9,8,1,13,1,1,2,6,9,14,8,1,2,2,7,7,7,2,2,13,13,2,2,15,7,4,2,3,7,7,7,2,9,14,1,9,1,5,4,7,4,2,2,4,8,6,14,15,7,14,4,2,2,2,1,3,4,2,9,6,5,13,13,1,3,4,4,7,6,1,14,1,3,7,4,1,9,9,9,5,1,1,1,2,2,4,4,2,2,4,4,7,7,2,11,12,1,9,2,3,7,1,1,9,7,1,2,3,3,2,2,3,2,2,4,1,6,3,1,14,2,7,15,8,8,15,14,3,1,1,2,1,2,4,2,3,1,13,2,4,2,2,15,9,1,2,2,2,1,2,2,1,2,3,2,1,1,9,1,1,9,14,3,7,1,1,1,2,2,1,9,3,8,1,1,1,3,13,6,3,1,8,1,1,14,5,2,2,2,5,4,2,2,1,7,7,11,1,1,2,2,15,7,7,1,7,1,2,3,9,1,3,1,3,3,1,7,8,2,2,2,2,1,1,3,10,6,2,2,1,7
Rater 9,4,4,1,2,5,1,1,4,4,10,1,1,3,14,15,7,1,2,2,14,14,14,7,7,1,14,7,4,9,1,1,5,4,1,5,7,4,2,9,14,7,7,2,2,6,9,5,3,7,4,15,3,15,9,4,5,8,7,1,14,15,1,1,3,7,2,2,14,2,2,3,4,4,9,2,14,4,4,2,7,2,14,14,9,7,7,3,1,1,7,4,2,1,1,1,1,7,7,7,7,7,15,1,14,1,6,6,1,7,1,11,14,4,4,2,4,4,2,4,14,15,14,9,1,1,2,1,1,1,2,14,3,2,14,1,1,7,14,2,4,14,1,1,14,4,1,7,4,2,14,15,15,4,9,9,9,9,4,9,7,2,7,2,1,4,4,15,2,1,8,14,1,14,14,7,7,4,2,14,1,1,7,1,6,14,14,14,14,4,4,10,1,9,3,14,1,3,9,4,3,3,14,14,4,9,4,14,2,14,14,3,2,4,5,7,4,7,1,7,1,2,11,11,1,2,4,7,7,2,9,1,1,9,9,9,9,9,9,3,4,4,4,4,4,4,11,11,6,14,9,14,15,9,14,14,2,1,5,2,1,1,9,1,9,9,14,9,14,7,7,4,5,14,1,1,1,1,1,1,7,2,10,9,14,15,15,14,14,7,4,14,2,7,1,1,9,14,14,7,2,1,14,2,1,14,5,13,10,3,10,2,3,1,1,9,9,9,9,9,7,7,7,2,7,7,14,7,2,9,1,1,5,7,1,2,5,4,3,1,7,7,14,14,14,1,1,14,14,14,2,14,3,1,2,1,4,14,14,1,14,12,9,4,1,14,1,1,2,6,9,14,14,1,9,2,7,7,7,7,2,2,12,3,2,14,7,4,2,14,7,7,7,14,9,4,1,9,1,3,4,7,4,2,3,4,4,6,3,2,14,14,4,2,3,4,1,7,4,2,9,5,5,5,5,1,3,4,4,14,6,1,14,15,14,7,4,1,9,14,9,5,1,1,1,14,14,4,4,3,14,2,5,7,7,2,7,12,1,9,9,14,14,1,1,9,14,1,2,6,3,13,13,2,7,3,4,1,5,14,1,11,14,5,14,4,4,14,13,13,1,14,9,1,3,5,4,14,1,2,14,4,15,2,14,9,1,9,2,7,1,2,13,13,13,14,13,3,1,9,1,1,9,5,1,7,14,1,1,9,2,1,14,14,4,1,1,1,14,14,6,14,1,3,1,1,3,14,9,9,2,5,4,2,14,1,7,7,11,1,1,2,3,14,7,7,1,7,1,9,14,9,1,14,1,14,14,14,7,15,2,14,9,2,14,1,10,10,6,4,2,1,7
Rater 16,7,7,14,2,5,12,1,4,4,10,1,1,3,3,8,7,1,2,2,7,14,7,7,7,1,7,7,4,9,1,1,4,2,1,5,7,4,2,2,14,7,7,2,2,5,9,15,14,14,2,4,4,4,9,4,4,4,7,1,7,1,3,1,2,7,2,2,7,2,2,4,4,4,2,2,9,4,4,2,7,7,3,1,9,7,7,6,1,1,14,4,2,1,1,1,1,7,2,14,14,14,2,3,8,1,6,6,1,2,1,7,1,4,4,2,4,15,2,15,15,14,10,9,15,1,14,1,15,1,2,4,4,4,1,1,15,7,1,2,4,14,1,1,15,4,1,7,4,2,14,2,14,4,9,9,9,9,4,9,1,9,1,9,1,4,4,14,9,1,3,3,1,7,7,14,14,4,2,15,1,1,3,1,3,7,14,15,1,4,4,10,1,2,4,14,1,14,9,4,9,9,14,14,1,9,4,14,4,7,4,14,2,4,14,7,4,7,1,14,1,2,13,13,1,2,2,15,4,9,9,1,1,9,9,9,9,2,9,14,4,4,4,4,4,4,7,11,6,14,9,6,14,9,14,14,2,1,15,2,1,1,9,1,9,9,14,9,7,7,7,4,5,2,1,1,1,1,1,1,7,2,10,9,14,11,14,15,14,7,4,14,14,7,1,1,9,2,7,7,2,1,7,2,1,12,12,13,13,14,10,1,14,1,1,9,9,9,9,9,15,7,7,2,7,11,9,7,4,9,1,1,5,7,1,4,5,4,3,1,7,7,14,1,14,1,1,14,14,14,4,7,7,1,2,1,4,15,4,1,1,12,9,8,1,13,15,1,2,14,9,14,8,1,9,4,11,11,7,7,2,13,13,14,4,7,7,4,2,7,14,7,7,14,9,7,1,9,1,4,4,7,2,2,9,8,8,8,14,14,7,14,4,2,14,7,1,7,4,2,9,6,7,13,13,1,2,4,4,7,6,1,3,1,14,7,4,1,9,2,9,15,1,1,1,7,7,2,9,7,7,2,4,7,7,2,11,2,1,9,9,3,3,1,1,9,7,1,2,3,3,2,2,14,7,7,4,1,14,14,1,7,14,7,14,8,8,15,7,3,1,1,9,1,2,2,4,14,1,13,4,4,14,2,7,9,1,2,2,14,1,2,2,14,2,14,2,14,1,9,1,1,9,14,14,7,1,3,1,2,9,1,9,14,8,1,1,1,14,14,14,14,1,2,1,1,15,15,2,9,2,4,4,9,1,1,7,7,11,1,3,2,4,7,7,7,1,7,1,2,14,9,1,14,1,14,14,1,7,8,2,7,9,4,1,1,3,10,5,9,9,1,7
Rater 4,15,15,15,2,12,1,1,4,4,10,1,1,14,3,8,7,1,2,2,3,2,15,15,2,1,15,3,4,2,1,1,15,2,1,5,7,15,2,2,3,7,7,14,2,4,9,15,3,4,2,4,3,2,9,4,15,3,15,1,7,1,15,1,3,7,2,2,15,2,2,4,4,2,2,2,3,3,3,2,15,15,6,1,9,7,7,15,1,1,3,2,2,1,1,1,1,7,2,2,2,2,2,3,15,1,6,6,1,15,1,3,2,1,4,2,4,2,2,15,14,3,10,2,15,1,15,1,1,1,2,2,2,2,1,1,1,7,2,2,15,15,1,1,7,4,1,7,4,2,7,1,3,4,2,14,14,14,15,15,1,2,1,2,1,4,4,15,3,1,3,6,1,3,5,7,7,4,2,15,1,1,3,1,15,4,2,5,1,4,4,10,1,2,3,15,15,3,2,4,15,15,15,15,4,2,4,4,2,3,3,3,2,2,3,7,4,3,1,6,1,9,11,2,1,2,2,3,3,2,2,1,1,9,9,9,9,9,9,3,4,4,4,4,4,4,7,11,6,1,9,5,3,9,15,15,2,1,15,2,1,1,9,1,9,9,3,2,15,7,7,2,6,2,1,1,1,1,1,1,7,15,10,9,4,11,4,11,3,7,4,2,15,7,1,1,9,2,4,7,2,1,15,2,1,3,13,13,3,15,3,2,3,1,1,9,9,9,9,9,15,11,4,2,5,2,1,7,2,9,1,1,5,7,3,4,5,4,3,1,15,7,15,1,15,1,1,15,6,4,4,3,3,1,2,1,4,15,15,1,1,12,9,8,1,3,1,1,2,6,9,6,2,1,15,2,11,11,7,6,15,15,13,3,2,11,7,4,2,7,11,11,7,15,9,15,1,9,1,4,15,7,2,15,2,1,4,6,15,3,7,15,2,2,3,3,1,3,4,2,9,15,15,15,15,1,3,4,4,7,6,1,15,1,3,7,4,1,9,9,9,15,15,1,1,15,4,2,2,4,15,2,4,7,7,2,15,2,2,9,15,3,3,1,1,9,7,1,2,5,3,2,2,15,3,3,4,1,6,15,1,3,4,7,3,4,4,15,13,3,1,1,2,1,4,4,4,3,1,13,3,4,4,2,6,2,1,2,2,15,1,2,3,15,2,5,2,3,1,9,1,1,9,2,15,7,1,3,1,2,2,1,9,3,4,1,1,1,3,6,6,6,1,2,1,1,15,15,2,2,4,15,2,2,15,1,7,7,11,1,15,2,3,15,7,7,1,7,1,2,6,9,1,6,1,5,5,5,5,2,2,15,2,2,1,1,11,10,6,2,2,1,11
Rater 13,4,14,14,2,14,14,1,14,14,10,1,1,14,3,8,3,1,2,2,4,4,4,14,14,1,1,3,4,3,1,1,6,2,1,14,7,4,4,14,15,7,7,2,4,14,9,14,4,4,4,3,3,4,3,4,14,3,3,1,7,1,3,1,3,7,2,2,14,4,2,3,4,4,2,9,9,14,14,2,7,7,6,1,9,7,7,14,1,1,3,4,4,1,1,1,1,7,2,2,2,2,2,14,1,1,6,6,1,3,1,3,2,13,4,4,4,1,2,3,1,14,10,2,14,14,14,1,1,1,2,2,2,4,1,1,1,7,2,2,8,4,1,1,14,4,1,7,4,2,3,1,3,4,9,2,2,2,4,2,1,14,1,14,1,4,4,1,3,1,3,14,1,3,3,3,3,4,2,14,1,1,3,1,14,14,3,6,1,4,4,10,1,2,3,14,1,14,2,3,4,4,3,3,14,2,4,14,2,7,1,3,4,4,14,7,4,7,1,6,1,9,13,13,1,4,4,3,3,4,2,1,1,9,9,9,9,2,9,3,4,4,4,4,4,4,14,11,6,6,9,3,6,2,6,6,2,1,14,4,1,1,9,1,2,9,14,2,14,7,7,4,6,2,1,1,1,1,3,1,7,7,10,9,14,4,14,4,14,7,4,2,14,7,1,1,9,2,14,7,2,1,14,2,1,6,12,13,10,3,10,1,3,1,1,9,9,9,9,9,14,7,4,2,7,7,8,7,4,9,6,1,14,7,14,4,5,4,3,1,14,13,14,1,14,1,1,14,4,4,4,7,3,1,2,14,14,14,14,1,14,12,9,6,1,13,6,1,3,6,9,14,2,1,14,4,11,11,7,6,2,13,2,3,2,14,7,4,2,14,14,7,7,2,9,14,1,9,1,14,14,7,4,2,14,8,6,6,14,14,7,4,2,2,3,3,1,3,4,2,9,14,14,14,14,1,3,4,4,7,6,1,14,14,14,7,4,1,9,2,2,6,14,1,14,14,4,4,2,4,14,2,14,7,7,2,13,9,1,9,14,3,3,1,1,9,7,1,2,14,3,2,2,1,3,4,15,15,6,14,1,14,3,7,3,6,6,15,3,4,1,1,2,1,4,6,4,14,1,13,4,4,4,2,14,9,1,2,2,14,1,2,2,14,2,14,2,1,1,9,1,1,14,3,14,7,1,3,1,2,2,1,9,3,1,1,1,1,6,13,6,14,1,2,1,1,14,14,2,2,2,14,2,2,8,1,7,7,11,1,14,2,14,14,7,7,1,7,1,2,6,9,1,3,1,3,3,1,7,8,2,14,2,2,6,1,10,10,6,4,4,1,7
Rater 24,6,7,3,2,6,6,1,4,4,10,15,15,6,3,8,7,2,9,9,6,4,6,7,7,1,7,7,4,9,1,1,6,2,1,6,7,4,4,2,3,7,7,2,2,6,9,6,3,4,4,4,4,2,9,4,6,2,7,1,7,1,8,1,7,7,2,9,7,2,2,3,4,2,9,9,9,6,6,2,6,6,3,1,9,7,7,6,1,1,8,4,9,1,1,1,1,7,4,7,7,4,2,3,8,1,6,6,1,8,1,7,1,1,4,2,3,4,2,3,15,3,10,9,6,1,3,1,8,1,2,2,2,2,1,1,1,7,1,2,2,4,1,1,7,4,1,7,4,2,3,2,3,4,2,9,9,9,4,9,1,2,1,2,1,4,4,3,3,1,8,6,1,6,3,7,7,4,9,8,1,1,3,1,6,4,3,6,1,2,4,10,1,2,3,3,1,6,9,4,9,9,7,7,4,9,4,4,2,7,1,7,2,2,6,7,4,3,1,6,1,9,13,13,1,2,2,7,7,2,9,1,1,9,9,9,9,2,9,6,4,4,4,4,4,4,7,11,15,6,9,6,6,9,6,6,2,1,8,2,8,1,9,1,2,9,6,2,6,7,4,4,6,2,1,1,1,1,8,1,7,3,10,9,6,4,6,4,3,7,4,2,6,7,1,1,9,9,7,7,4,1,7,2,1,6,6,13,11,6,10,2,4,1,1,9,9,9,9,9,6,7,7,9,7,7,2,7,2,9,8,1,5,7,3,2,5,4,8,1,7,7,3,1,3,1,1,6,3,4,9,7,7,1,2,1,4,6,8,1,1,12,9,8,1,6,8,1,2,6,9,6,2,2,9,9,7,7,7,3,2,6,13,3,4,9,7,4,2,15,15,15,7,6,9,6,1,9,1,4,7,7,4,2,9,4,4,6,6,6,13,3,4,2,6,3,1,7,4,2,9,6,13,15,13,1,7,4,4,7,2,8,6,15,3,7,4,8,9,2,9,6,6,1,1,3,3,4,4,3,3,4,4,7,7,2,11,9,2,9,6,7,7,1,1,9,7,1,2,3,6,9,2,3,7,7,4,1,9,6,1,7,3,7,6,4,4,3,13,3,4,1,9,1,2,6,2,3,1,13,3,4,3,4,6,2,1,9,2,4,1,8,2,4,9,3,9,1,1,9,1,1,9,6,3,7,2,8,1,2,2,1,15,6,4,1,1,1,7,6,6,7,1,2,2,2,6,15,9,2,2,4,2,2,6,1,7,7,7,1,2,2,3,6,7,7,4,7,4,9,9,9,1,3,8,3,3,2,7,8,2,6,9,2,1,1,10,10,6,2,2,1,11



Organism,Environment,Quality,Mat & Subst,Method,Data Type,Process,Anatomy,Location,Time,Event,Person & Org,Human Inter,Other,None
1,2,3,4,5,6,7,8,9,10,11,12,13,14,15